{
     "1": {
    "hino": "1 - Por Tua morte lá na cruz",
    "verses": {
      "1": "1- Por Tua morte lá na cruz <br> Jesus, Te adorarei <br> Pelo sangue derramado <br> Pelo véu que foi rasgado <br> Te adorarei",
      "2": "2- Pelo privilégio de aqui estar <br> Poder soltar a minha voz e Te louvar <br> Por sentir a sua presença <br> Pela total certeza da Tua existência <br> Te adorarei (Adorarei)",
      "3": "3- Por Teu Santo Espírito <br> que habita em mim. <br> Por Teu grande amor <br> que não tem fim. <br> Te adorarei",
      "4": "4- Por me inspirar na letra da canção <br> Por cantar agora e sentir Sua unção <br>  Te adorarei",
      "5": "5-  Te adorarei <br> Senhor mais uma vez, Te adorarei <br> Fui chamado pra adorar, então, adorarei <br> Sou adorador, foi assim que Deus me fez <br> Então, adorarei",
      "6": "6- Adorarei <br> Senhor mais uma vez, Te adorarei <br> Fui chamado pra adorar, então, adorarei <br> Sou adorador, foi assim que Deus me fez <br> Então, adorarei",
      "7": "7- Ninguém vai me calar, Te adorarei <br> Está em meu DNA, Te adorarei <br> Ainda que tirarem minha vida <br> Quando chegar aí no céu, Te adorarei (Te adorarei)",
      "8": "8- Ninguém vai me calar, Te adorarei <br> Está no meu DNA, Te adorarei <br> Ainda que tirarem minha vida <br> Quando chegar aí no céu, Te adorarei",
      "9": "9- Te adorarei, Te adorarei <br> Quando chegar aí no céu, Te adorarei <br> Te adorarei, Te adorarei <br> Quando chegar aí no céu, Te adorarei (Adorarei)",
      "10": "Por Teu Santo Espírito que habita em mim <br> Por Teu grande amor que não tem fim <br> Te adorarei <br> Por me inspirar na letra da canção <br> Por cantar agora e sentir Sua unção <br> Te adorarei",
      "11": "Te adorarei <br> Senhor mais uma vez, Te adorarei <br> Fui chamado pra adorar, então, adorarei <br> Sou adorador, foi assim que Deus me fez <br> Então, adorarei",
      "12": "Te adorarei <br> Senhor mais uma vez, Te adorarei <br> Fui chamado pra adorar, então, adorarei <br> Sou adorador, foi assim que Deus me fez <br> Então, adorarei",
      "13": "Ninguém vai me calar, Te adorarei <br> Está em meu DNA, Te adorarei <br> Ainda que tirarem minha vida <br> Quando chegar aí no céu, Te adorarei",
      "14": "Ninguém vai me calar, Te adorarei <br> Está em meu DNA, Te adorarei <br> Ainda que tirarem minha vida <br> Quando chegar aí no céu, Te adorarei",
      "15": "Te adorarei, Te adorarei <br> Quando chegar aí no céu, Te adorarei <br> Te adorarei, Te adorarei <br> Quando chegar aí no céu, Te adorarei",
      "16": "Te adorarei, Te adorarei <br> Quando chegar aí no céu, Te adorarei <br> Te adorarei, Te adorarei <br> Quando chegar aí no céu, Te adorarei"
    }
},
  "2": {
    "hino": "2 - Eu So quero Adorar",
    "verses": {
      "1": "1- Eu não sei o que Ele viu em mim <br> Não entendo porque me amou <br> Eu não sou o que devia ser <br> Mesmo assim Ele me abraçou <br> Sou pequeno, Ele tão grande é <br> Eu sou falho, Ele é fiel <br> O que eu deveria era morrer <br> Mas Ele me prometeu o céu",
      "2": "<span style='color:red;'> Eu só quero adorar <br> Por isso estou aqui <br> E se eu não adorar <br> Falta algo em mim <br> Eu jamais saberei <br> Porque me escolheu <br> Mas de uma coisa eu sei <br> Tudo que eu tenho, Ele me deu",
      "3": "2- Eu não sei o que Ele viu em mim <br> Não entendo porque me amou <br> Eu não sou o que devia ser <br> Mesmo assim Ele me abraçou <br> Sou pequeno, Ele tão grande é <br> Eu sou falho, Ele é fiel <br> O que eu deveria era morrer <br> Mas Ele me prometeu o céu",
      "4": "<span style='color:red;'> Eu só quero adorar <br> Por isso estou aqui <br> E se eu não adorar <br> Falta algo em mim <br > Eu jamais saberei <br> Porque me escolheu <br> Mas de uma coisa eu sei <br> Tudo que eu tenho, Ele me deu",
      "11": "Tudo que eu tenho, Ele me deu <br><span style='color:white;'> Tudo que eu tenho, Ele me deu"
    }
  }
}